fid,id_renabap,Localidad,Municipio,Nombre del barrio,Nombre de barrio alternativo,Cantidad de familias,Origen relevamiento,Año de creación,Tamaño (km2),Década de creación,Clasificación del barrio,Situación dominial,Tipo de tierra,Tipo de Estado para tierras fiscales,Tipo de Estado para tierras fiscales_1,Electricidad,Disposición de excretas,Acceso al agua,Energía para cocinar,Energía para calefaccionar,Precariedad,Código de provincia,Nombre de provincia,Código de departamentos/comuna,Nombre de departamentos/comuna,Código de radio,Superficie en km2,Latitud del centroide,Longitud del centroide
"2572","2745",San Miguel De Tucumán,San Miguel De Tucumán,ATE,,"650","4","1986",0.25333334,"10","1","3","3",,"4","3","5","3","4","5","2","90",Tucumán,"90084",Capital,"900843009",0.25333334222876,-26.84763,-65.254745
"2573","2746",San Miguel De Tucumán,San Miguel De Tucumán,Parquecito 2,Parquesito 2 //,"40","4","1992",0.01427786,"11","1","3","3",,"4","4","2","3","4","3","3","90",Tucumán,"90084",Capital,"900841105",0.01427785773728,-26.825899,-65.176402
"2574","2747",San Miguel De Tucumán,San Miguel De Tucumán,Villa 9 de Julio 2,Asentamiento 2 Villa 9 de julio //,"25","4","1991",0.00385817,"11","1","3","3",,"4","4","5","3","4","5","1","90",Tucumán,"90084",Capital,"900841009",0.00385816869135,-26.813815,-65.171727
"2575","2748",San Miguel De Tucumán,San Miguel De Tucumán,Sin Nombre,s/n //,"12","4","2015",0.00572419,"13","1","3","3",,"4","4","5","3","4","5","1","90",Tucumán,"90063",Lules,"900630103",0.00572418502604,-26.852961,-65.275187
"2576","2749",San Miguel De Tucumán,San Miguel De Tucumán,Francisco 1,,"500","4","2011",0.16860015,"13","1","3","3",,"4","4","5","3","4","3","1","90",Tucumán,"90084",Capital,"900843019",0.16860015410314,-26.855975,-65.26976
"2577","2752",San Miguel De Tucumán,San Miguel De Tucumán,Villa Belgrano,,"50","4","1965",0.01631261,"8","1","3","3",,"4","3","2","3","4","3","2","90",Tucumán,"90084",Capital,"900841618",0.01631260658498,-26.829279,-65.250549
"2578","2753",San Miguel De Tucumán,San Miguel De Tucumán,Nueva Vida,,"150","4","1985",0.08484612,"10","1","1","3",,"4","3","4","3","4","5","3","90",Tucumán,"90084",Capital,"900843012",0.08484611737829,-26.8485,-65.265194
"2579","2754",San Miguel De Tucumán,San Miguel De Tucumán,San Aníbal,san anibal // el chavo diagonal sur,"1500","4","1980",0.60950455,"10","1","3","3",,"4","3","5","3","1","3","2","90",Tucumán,"90084",Capital,"900842913",0.60950454614145,-26.857805,-65.231062
"2580","2755",San Miguel De Tucumán,San Miguel De Tucumán,San Cristóbal,,"103","4","2000",0.05285216,"12","1","3","3",,"4","3","4","3","4","3","1","90",Tucumán,"90084",Capital,"900842908",0.05285216377998,-26.857087,-65.24275
"2581","2756",San Miguel De Tucumán,San Miguel De Tucumán,Barrio Santa Ana,,"200","4","1985",0.06064196,"10","1","2","3",,"4","3","2","3","4","3","2","90",Tucumán,"90084",Capital,"900842511",0.06064196341652,-26.839552,-65.245162
"2582","2757",San Miguel De Tucumán,San Miguel De Tucumán,Alejandro Heredia,topa,"2500","4","1996",0.47031977,"11","1","2","3",,"4","3","2","5","4","5","2","90",Tucumán,"90084",Capital,"900842806",0.47031977037212,-26.871523,-65.208373
"2583","2758",San Miguel De Tucumán,San Miguel De Tucumán,Ampliación San Nicolás,,"200","4","2007",0.05948736,"12","1","3","3",,"4","3","5","3","4","3","2","90",Tucumán,"90084",Capital,"900842615",0.05948736312984,-26.86098,-65.22663
"2584","2759",San Miguel De Tucumán,San Miguel De Tucumán,Costanera Norte,Cartonero,"600","4","1993",0.071243,"11","1","3","3",,"4","3","4","3","4","3","2","90",Tucumán,"90084",Capital,"900841107",0.07124300144709,-26.827451,-65.169607
"2585","2760",San Miguel De Tucumán,San Miguel De Tucumán,Autopista Sur,,"800","4","1996",0.28104611,"11","1","3","3",,"4","3","4","4","4","3","2","90",Tucumán,"90084",Capital,"900842223",0.28104610567222,-26.865339,-65.194761
"2586","2761",San Miguel De Tucumán,San Miguel De Tucumán,San Miguel,asentamiento 15 de noviembre,"600","4","1999",0.26671032,"11","1","2","3",,"4","3","3","12","4","5","3","90",Tucumán,"90063",Lules,"900630301",0.26671031763018,-26.859162,-65.262667
"2587","2762",San Miguel De Tucumán,San Miguel De Tucumán,Vázquez,Vazquez // Autopista sur,"250","4","1990",0.13883929,"11","1","3","3",,"4","3","5","3","4","5","4","90",Tucumán,"90084",Capital,"900842808",0.13883928739978,-26.872754,-65.201792
"2588","2763",San Miguel De Tucumán,San Miguel De Tucumán,Barrio Margaritas,B° Margaritas // circuito 14. la cortada daguero,"80","4","1996",0.09083815,"11","1","1","3",,"4","3","5","3","4","5","3","90",Tucumán,"90084",Capital,"900841003",0.09083815084503,-26.806628,-65.179552
"2589","2764",San Miguel De Tucumán,San Miguel De Tucumán,Ramón Ortega,ramon ortega // vaquez,"100","4","1970",0.0138686,"9","1","3","3",,"4","3","5","3","4","5","2","90",Tucumán,"90084",Capital,"900842610",0.01386860474008,-26.851482,-65.220393
"2590","2765",San Miguel De Tucumán,San Miguel De Tucumán,Sargento Lai,ampliacion villa alem,"200","4","1970",0.04603404,"9","1","3","3",,"4","3","5","3","4","3","2","90",Tucumán,"90084",Capital,"900842610",0.04603404298877,-26.853964,-65.220592
"2591","2766",San Miguel De Tucumán,San Miguel De Tucumán,Ampliación Federal,ampliacion federal //,"260","4","2005",0.12112676,"12","1","3","3",,"4","3","5","3","4","3","4","90",Tucumán,"90084",Capital,"900842808",0.12112676210913,-26.88678,-65.220825
"2592","2767",San Miguel De Tucumán,San Miguel De Tucumán,Villa Urquiza,Asentamiento Villa Urquiza //,"60","4","1995",0.04486016,"11","1","3","3",,"4","3","5","3","4","6","4","90",Tucumán,"90084",Capital,"900840609",0.04486015768849,-26.811427,-65.210725
"2593","2768",San Miguel De Tucumán,San Miguel De Tucumán,Ampliación Alejandro Heredia,,"1000","4","1997",0.24171881,"11","1","3","3",,"4","3","5","3","4","3","2","90",Tucumán,"90084",Capital,"900842804",0.24171880956891,-26.878589,-65.216711
"2594","2769",San Miguel De Tucumán,San Miguel De Tucumán,Ampliación Crucero Belgrano,,"260","4","2006",0.03641871,"12","1","3","3",,"4","4","5","3","4","3","2","90",Tucumán,"90084",Capital,"900842804",0.03641871467712,-26.882154,-65.21958
"2595","2770",San Miguel De Tucumán,San Miguel De Tucumán,Ampliación Álvarez Condarco,Ampliación alvarez Condarco //,"75","4","1971",0.02124665,"9","1","3","3",,"4","3","5","3","4","4","1","90",Tucumán,"90084",Capital,"900842615",0.02124665386747,-26.85928,-65.225749
"2596","2771",San Miguel De Tucumán,San Miguel De Tucumán,Villa Muñecas 1,Asentamiento en Villa Muñecas 1 //,"24","4","1990",0.0048419,"11","1","3","3",,"4","3","5","3","4","5","2","90",Tucumán,"90084",Capital,"900840202",0.00484189903979,-26.787884,-65.235942
"2597","2772",San Miguel De Tucumán,San Miguel De Tucumán,Agua Corriente (Orilla de Vía),Agua corriente (orilla de via) //,"50","4","1990",0.00902563,"11","1","3","3",,"4","3","5","3","4","5","2","90",Tucumán,"90084",Capital,"900840302",0.00902562973135,-26.790408,-65.22729
"2598","2773",San Miguel De Tucumán,San Miguel De Tucumán,Ampliación Villa Amalia,,"25","4","1996",0.0031968,"11","1","3","3",,"4","3","2","3","4","5","1","90",Tucumán,"90084",Capital,"900842613",0.00319679803936,-26.856447,-65.222519
"2599","2774",San Miguel De Tucumán,San Miguel De Tucumán,Canal Norte,Canal Norte (SECTOR 1) // canal norte (sector 1),"350","4","1976",0.10320153,"9","1","3","3",,"4","3","5","3","4","5","1","90",Tucumán,"90105",Tafí Viejo,"901050712",0.10320152733041,-26.787814,-65.226635
"2600","2775",San Miguel De Tucumán,San Miguel De Tucumán,Echeverría (Orilla Vía),Echeverria (orilla via) //,"45","4","2000",0.01346498,"12","1","3","3",,"4","4","5","3","4","5","1","90",Tucumán,"90084",Capital,"900840302",0.01346497549462,-26.789643,-65.230068
"2601","2776",San Miguel De Tucumán,San Miguel De Tucumán,Villa Muñecas 3,Asentamiento Villa Muñecas 3 //,"150","4","1966",0.03050507,"8","1","3","3",,"4","3","5","8","5","5","1","90",Tucumán,"90084",Capital,"900840101",0.03050507091674,-26.785521,-65.245963
"2602","2777",San Miguel De Tucumán,San Miguel De Tucumán,Juan XXIII,bombilla,"100","4","1995",0.01352325,"11","1","3","3",,"4","3","4","3","4","5","2","90",Tucumán,"90084",Capital,"900840416",0.01352324900369,-26.806016,-65.22345
"2603","2778",San Miguel De Tucumán,San Miguel De Tucumán,Ampliación San Jorge,Ampliacion San Jorge //,"100","4","1980",0.02217919,"10","1","3","3",,"4","3","4","3","4","5","2","90",Tucumán,"90084",Capital,"900841002",0.02217918695052,-26.79946,-65.175778
"2604","2779",San Miguel De Tucumán,San Miguel De Tucumán,Ciudadela Norte,Ciudadela  Norte //,"350","4","2007",0.07754988,"12","1","3","3",,"4","3","4","3","6","4","2","90",Tucumán,"90084",Capital,"900840805",0.07754988095737,-26.799857,-65.18151
"2605","2780",San Miguel De Tucumán,San Miguel De Tucumán,Ampliación El Molino,,"100","4","1995",0.04553345,"11","1","1","3",,"4","3","5","3","4","5","3","90",Tucumán,"90084",Capital,"900840814",0.04553345403919,-26.805452,-65.184364
"2606","2781",San Miguel De Tucumán,San Miguel De Tucumán,Once de Enero,11 de Enero //,"250","4","2006",0.13151185,"12","1","3","3",,"4","3","5","3","4","4","4","90",Tucumán,"90084",Capital,"900840106",0.13151185375243,-26.792942,-65.254485
"2607","2782",San Miguel De Tucumán,San Miguel De Tucumán,Alma Fuerte de Villa Urquiza,,"150","4","1934",0.05966234,"5","1","3","3",,"4","3","4","3","4","4","2","90",Tucumán,"90084",Capital,"900840407",0.05966234402303,-26.797351,-65.219269
"2608","2783",San Miguel De Tucumán,San Miguel De Tucumán,Ampliación San Ramón,Ampliacion San Ramon //,"25","4","2007",0.00703627,"12","1","3","3",,"4","3","5","3","4","5","4","90",Tucumán,"90084",Capital,"900841002",0.00703626835642,-26.796884,-65.174941
"2609","2784",San Miguel De Tucumán,San Miguel De Tucumán,Once de Febrero,11 de Febrero //,"150","4","1985",0.02875914,"10","1","1","3",,"4","3","5","3","1","5","2","90",Tucumán,"90084",Capital,"900841003",0.02875913792151,-26.812684,-65.172978
"2610","2785",Alderetes,Alderetes,Barrio 130 Vivendas,,"33","2",,0.01913029,"12","1","3","1",,"4","3","5","3","4","5","2","90",Tucumán,"90014",Cruz Alta,"900140101",0.0191302938662,-26.803501,-65.159043
"2611","2786",San Miguel De Tucumán,San Miguel De Tucumán,Presidente Juan Domingo Perón,Presidenge Juan Domingo Perón // 30 de Octubre,"50","4","1998",0.00661115,"11","1","3","3",,"4","3","2","3","4","5","1","90",Tucumán,"90084",Capital,"900842609",0.00661114602886,-26.855675,-65.222424
"2612","2787",San Miguel De Tucumán,San Miguel De Tucumán,Veintitres de Febrero,23 de Febrero //,"200","4","2008",0.08904169,"12","1","3","3",,"4","3","5","3","4","5","4","90",Tucumán,"90084",Capital,"900842914",0.08904169400681,-26.863008,-65.230719
"2613","2788",San Miguel De Tucumán,San Miguel De Tucumán,Ampliación Villa Alem,,"60","4","1985",0.00821795,"10","1","3","3",,"4","2","5","3","4","6","1","90",Tucumán,"90084",Capital,"900842408",0.00821795476597,-26.848356,-65.220203
"2614","2789",San Miguel De Tucumán,San Miguel De Tucumán,Barrio La Tapa,Ampliación 20 de Junio,"60","4","1996",0.01107758,"11","1","3","3",,"4","3","5","3","5","5","2","90",Tucumán,"90084",Capital,"900842208",0.01107757715267,-26.855083,-65.192251
"2615","2790",San Miguel De Tucumán,San Miguel De Tucumán,Eucaliptus,martin behro,"100","4","1990",0.09788212,"11","1","3","3",,"4","4","5","3","4","6","1","90",Tucumán,"90084",Capital,"900841010",0.09788211742936,-26.814619,-65.166978
"2616","2791",San Miguel De Tucumán,San Miguel De Tucumán,Ampliación Tiro Federal,Ampliacion tiro federal //,"10","4","2011",0.00636092,"13","1","3","3",,"4","3","5","3","4","5","1","90",Tucumán,"90084",Capital,"900842115",0.00636091992475,-26.844232,-65.179753
"2617","2792",San Miguel De Tucumán,San Miguel De Tucumán,Argentina Potencia,,"125","4","1985",0.04759204,"10","1","3","3",,"4","3","2","3","4","3","2","90",Tucumán,"90084",Capital,"900842215",0.0475920428805,-26.857151,-65.202055
"2618","2793",San Miguel De Tucumán,San Miguel De Tucumán,Las Piedritas,,"550","4","1999",0.13723963,"11","1","3","3",,"4","3","5","3","4","5","2","90",Tucumán,"90084",Capital,"900842205",0.13723962790461,-26.855562,-65.18531
"2619","2794",San Miguel De Tucumán,San Miguel De Tucumán,Puerto Argentino,,"295","4","1990",0.08042319,"11","1","3","3",,"4","3","2","3","4","4","2","90",Tucumán,"90084",Capital,"900842217",0.08042319293432,-26.860574,-65.198871
"2620","2795",San Miguel De Tucumán,San Miguel De Tucumán,El Salvador,,"1040","4","1985",0.50937206,"10","1","3","3",,"4","3","2","3","4","3","2","90",Tucumán,"90084",Capital,"900842219",0.50937206188319,-26.864725,-65.205656
"2621","2796",San Miguel De Tucumán,San Miguel De Tucumán,El Chivero,,"80","4","1966",0.02542695,"8","1","3","3",,"4","4","5","8","4","5","2","90",Tucumán,"90084",Capital,"900840609",0.0254269514685,-26.80867,-65.211868
"2622","2797",Banda Del Río Salí,Banda Del Río Salí,Ampliación Cancha Caro,Ampliacion Cancha Caro //,"80","4","2013",0.02131235,"13","1","3","3",,"4","3","4","5","4","5","2","90",Tucumán,"90014",Cruz Alta,"900141306",0.02131234722145,-26.835909,-65.171381
"2623","2798",San Miguel De Tucumán,San Miguel De Tucumán,Barrio San Alberto,Asentamiento B San Alberto //,"10","4","2012",0.00377054,"13","1","3","3",,"4","3","5","3","4","5","1","90",Tucumán,"90084",Capital,"900842801",0.00377053568166,-26.869603,-65.229694
"2624","2799",San Miguel De Tucumán,San Miguel De Tucumán,Las Palmeras,,"641","4","1990",0.22541668,"11","1","3","3",,"4","3","5","3","4","3","2","90",Tucumán,"90084",Capital,"900842812",0.2254166760721,-26.873517,-65.227087
"2625","2801",San Miguel De Tucumán,San Miguel De Tucumán,Toledo,,"195","4","1980",0.07647603,"10","1","3","3",,"4","3","2","3","1","3","3","90",Tucumán,"90084",Capital,"900842217",0.0764760268488,-26.858715,-65.203078
"2626","2802",San Miguel De Tucumán,San Miguel De Tucumán,Bienestar,,"350","4","1980",0.10297518,"10","1","1","3",,"4","3","2","3","1","3","3","90",Tucumán,"90084",Capital,"900842212",0.10297517965929,-26.855174,-65.199993
"2627","2803",San Miguel De Tucumán,San Miguel De Tucumán,El Triunfo,,"105","4","1980",0.01822469,"10","1","3","3",,"4","3","2","3","4","3","3","90",Tucumán,"90084",Capital,"900842217",0.01822468902143,-26.859746,-65.200694
"2628","2804",San Miguel De Tucumán,San Miguel De Tucumán,Tres de Octubre,3 de Octubre //,"80","4","1985",0.02104132,"10","1","3","3",,"4","3","2","3","4","3","3","90",Tucumán,"90084",Capital,"900842215",0.02104131953092,-26.858469,-65.19974
"2629","2805",San Miguel De Tucumán,San Miguel De Tucumán,La Vía Belisario López,Asentamiento de la via Belisrio Lopez //,"100","4","2003",0.03445956,"12","1","3","3",,"4","3","5","3","4","5","1","90",Tucumán,"90084",Capital,"900842306",0.03445955626964,-26.850406,-65.200873
"2630","2806",San Miguel De Tucumán,San Miguel De Tucumán,Néstor Kichner,nestor kichner //,"600","4","2002",0.16182783,"12","1","3","3",,"4","3","5","3","4","3","2","90",Tucumán,"90084",Capital,"900842817",0.16182782762295,-26.877436,-65.221123
"2631","2807",San Miguel De Tucumán,San Miguel De Tucumán,San Cristóbal,nueva  esperanza //,"250","4","2012",0.04969948,"13","1","3","3",,"4","3","5","3","4","3","2","90",Tucumán,"90084",Capital,"900842824",0.04969947530924,-26.889703,-65.226594
"2632","2808",San Miguel De Tucumán,San Miguel De Tucumán,Barrio La Gaceta,,"100","4","1945",0.09821707,"6","1","3","3",,"4","3","5","3","4","5","1","90",Tucumán,"90084",Capital,"900841011",0.09821706890109,-26.819774,-65.163909
"2633","2809",San Miguel De Tucumán,San Miguel De Tucumán,Villa 9 de Julio,,"150","4","1971",0.0597163,"9","1","3","3",,"4","3","4","3","4","3","2","90",Tucumán,"90084",Capital,"900841004",0.05971629926373,-26.811755,-65.176164
"2634","2810",San Miguel De Tucumán,San Miguel De Tucumán,Canal Norte 2,Canal Norte //,"400","4","1960",0.16468783,"8","1","3","3",,"4","3","4","3","4","3","1","90",Tucumán,"90105",Tafí Viejo,"901051020",0.1646878344103,-26.793,-65.194082
"2635","2811",San Miguel De Tucumán,San Miguel De Tucumán,Ampliación del Barrio Mataderos,Ampliacion del Barrio Mataderon // Pasaje sin nombre,"300","4","1980",0.10194062,"10","1","3","3",,"4","3","5","3","4","6","2","90",Tucumán,"90084",Capital,"900841006",0.10194061566563,-26.811479,-65.183173
"3834","4050",Tafí Viejo,Tafí Viejo,La Nina,,"40","2",,0.0450145,"12","1","1","2",,"4","3","5","3","4","5","2","90",Tucumán,"90105",Tafí Viejo,"901050902",0.04501450186895,-26.727631,-65.275946
"3837","4053",Tafí Viejo,Tafí Viejo,Entrada de Los Sánchez,,"20","2","2011",0.00931043,"13","1","3","1",,"4","4","5","3","4","5","1","90",Tucumán,"90105",Tafí Viejo,"901050504",0.00931043258366,-26.728732,-65.217621
"3838","4054",El Manantial,El Manantial,La Rinconada,,"100","2",,0.04292279,"1","2","3","1",Provincial,"2","3","5","2","4","3","2","90",Tucumán,"90063",Lules,"900630101",0.04292278927984,-26.833736,-65.312704
"3839","4055",El Manantial,El Manantial,Sin Nombre,,"40","2",,0.00769821,"8","2","3","1",Provincial,"2","3","5","2","4","5","2","90",Tucumán,"90063",Lules,"900630101",0.00769820783583,-26.830681,-65.312423
"3840","4056",Yerba Buena - Marcos Paz,Yerba Buena - Marcos Paz,Pasaje Jujuy,,"24","2",,0.00944057,"7","2","3","1",,"4","3","5","2","4","5","2","90",Tucumán,"90119",Yerba Buena,"901190514",0.00944056895888,-26.826058,-65.304243
"3841","4057",Yerba Buena - Marcos Paz,Yerba Buena - Marcos Paz,Anexo Barrio La Esperanza,,"60","2",,0.02120401,"12","1","1","1",Provincial,"2","3","5","2","4","3","2","90",Tucumán,"90063",Lules,"900630114",0.02120401188428,-26.832444,-65.29994
"3842","4058",El Manantial,El Manantial,Holguín,,"29","2",,0.00973791,"11","1","1","2",,"4","3","5","5","4","3","2","90",Tucumán,"90063",Lules,"900630105",0.00973790533812,-26.844314,-65.275725
"3843","4059",El Manantial,El Manantial,El Portal 2,,"90","2","2011",0.04043758,"13","1","1","2",,"4","2","5","3","4","5","1","90",Tucumán,"90063",Lules,"900630112",0.04043757620351,-26.841962,-65.290637
"3844","4060",Yerba Buena - Marcos Paz,Yerba Buena - Marcos Paz,Ampliación Aconquija,,"50","2",,0.02100635,"11","2","3","2",,"4","3","5","2","4","5","2","90",Tucumán,"90119",Yerba Buena,"901190304",0.02100634542663,-26.798695,-65.31519
"3845","4061",San Miguel De Tucumán,San Miguel De Tucumán,Villa Cabildo,,"200","2",,0.05203497,"10","2","3","1",,"4","3","5","5","4","5","2","90",Tucumán,"90084",Capital,"900842502",0.05203496604941,-26.832359,-65.269749
"3846","4062",El Manantial,El Manantial,Virgen del Valle,,"60","2",,0.02538217,"12","1","1","2",,"4","3","5","3","4","6","2","90",Tucumán,"90063",Lules,"900630103",0.02538216884648,-26.848042,-65.29666
"3847","4063",El Manantial,El Manantial,El Milagro,,"100","2",,0.02270531,"12","2","3","2",,"4","3","5","3","5","5","2","90",Tucumán,"90063",Lules,"900630112",0.02270531304858,-26.839238,-65.290837
"3848","4064",Barrio San José III,Barrio San José III,San José,,"120","2",,0.03286375,"10","2","1","1",Provincial,"2","3","5","5","4","5","2","90",Tucumán,"90119",Yerba Buena,"901190403",0.03286375386899,-26.794228,-65.263137
"3849","4065",Barrio San José III,Barrio San José III,Ampliación San Expedito,,"45","2",,0.00939181,"12","1","1","1",Provincial,"2","3","5","5","4","6","2","90",Tucumán,"90119",Yerba Buena,"901190401",0.0093918149129,-26.788272,-65.260046
"3850","4066",Barrio San José III,Barrio San José III,Cossio,,"21","2","2012",0.00994653,"13","1","1","2",,"4","3","5","5","4","3","2","90",Tucumán,"90119",Yerba Buena,"901190401",0.00994653432014,-26.788569,-65.259404
"3851","4067",Barrio San José III,Barrio San José III,San Expedito,,"230","2",,0.07517855,"12","1","1","2",,"4","3","5","5","4","3","2","90",Tucumán,"90119",Yerba Buena,"901190401",0.07517854503053,-26.788344,-65.261457
"3852","4068",Ingenio San Pablo,Ingenio San Pablo,Colonia 4,,"216","2",,0.05255148,"3","2","3","1",Provincial,"2","3","5","5","4","5","2","90",Tucumán,"90063",Lules,"900630212",0.05255147669062,-26.872624,-65.327528
"3853","4069",El Manantial,El Manantial,Pasaje 20 de Junio,,"20","2","2013",0.00417841,"13","1","3","1",,"4","2","5","3","4","3","1","90",Tucumán,"90063",Lules,"900630112",0.00417841417682,-26.84045,-65.28591
"3854","4070",Ingenio San Pablo,Ingenio San Pablo,Ouanta,,"110","2",,0.08348334,"3","1","3","2",,"4","3","5","5","5","5","2","90",Tucumán,"90063",Lules,"900630206",0.08348333719614,-26.858184,-65.29969
"3855","4071",Ingenio San Pablo,Ingenio San Pablo,Alberdi,,"120","2",,0.03397152,"1","2","3","2",,"4","3","5","5","4","3","2","90",Tucumán,"90063",Lules,"900630212",0.03397151599162,-26.870316,-65.322042
"3856","4072",Alderetes,Alderetes,Margen de Canal,,"170","2",,0.04568127,"10","2","3","2",,"4","3","5","3","4","5","2","90",Tucumán,"90014",Cruz Alta,"900140129",0.04568127142541,-26.827774,-65.159052
"3857","4073",Alderetes,Alderetes,Julio Abraham,,"1200","2","2012",0.42869111,"13","1","3","2",,"4","2","5","3","4","5","1","90",Tucumán,"90014",Cruz Alta,"900140128",0.42869111178036,-26.831562,-65.156403
"3858","4074",Alderetes,Alderetes,Virgen del Rosario,,"400","2","2012",0.17989084,"13","1","3","2",,"4","3","5","3","4","5","2","90",Tucumán,"90014",Cruz Alta,"900140104",0.17989083916011,-26.833636,-65.149719
"3859","4075",Banda Del Río Salí,Banda Del Río Salí,Presidente Perón,,"250","2",,0.0565171,"6","1","3","1",Provincial,"2","3","5","3","4","5","2","90",Tucumán,"90014",Cruz Alta,"900141305",0.05651710208148,-26.833686,-65.170158
"3860","4076",Alderetes,Alderetes,Teresa de Calcuta,,"900","2",,0.48120917,"12","1","3","1",Provincial,"2","3","5","3","5","5","1","90",Tucumán,"90014",Cruz Alta,"900140104",0.48120917265442,-26.812765,-65.124622
"3861","4077",Banda Del Río Salí,Banda Del Río Salí,Tres de Noviembre,,"73","2",,0.05096299,"11","1","3","2",,"4","3","5","3","4","5","1","90",Tucumán,"90014",Cruz Alta,"900140130",0.05096299479307,-26.826269,-65.16381
"3862","4078",Alderetes,Alderetes,Sin Nombre,,"36","2",,0.010204,"10","2","3","1",Nacional,"1","3","5","3","4","5","2","90",Tucumán,"90014",Cruz Alta,"900140122",0.01020399929576,-26.82153,-65.130464
"3863","4079",Alderetes,Alderetes,Evangelina Salazar,,"100","2",,0.021598,"11","1","3","1",Nacional,"1","3","5","3","4","3","2","90",Tucumán,"90014",Cruz Alta,"900140122",0.02159800092624,-26.820587,-65.13381
"3864","4080",Alderetes,Alderetes,Nahuel Huapi,,"154","2",,0.05927365,"12","1","3","2",,"4","3","5","3","4","5","2","90",Tucumán,"90014",Cruz Alta,"900140116",0.05927365404867,-26.809723,-65.155343
"3865","4081",Alderetes,Alderetes,Orilla del Canal,,"330","2",,0.07596814,"10","2","3","1",,"4","3","2","3","4","5","2","90",Tucumán,"90014",Cruz Alta,"900140119",0.07596814479384,-26.814346,-65.147088
"3866","4082",Alderetes,Alderetes,Barrio Jerusalén,,"170","2",,0.11787131,"11","1","3","1",,"4","3","5","3","5","5","2","90",Tucumán,"90014",Cruz Alta,"900140125",0.11787130602749,-26.820825,-65.158602
"3867","4083",Alderetes,Alderetes,San Martín de Porres,,"130","2",,0.20035736,"7","1","3","2",,"4","3","5","5","5","5","2","90",Tucumán,"90014",Cruz Alta,"900140101",0.2003573581846,-26.797231,-65.158393
"3868","4084",Ingenio San Pablo,Ingenio San Pablo,El Bajo,,"20","2",,0.01060379,"12","1","1","2",,"4","3","5","5","4","5","2","90",Tucumán,"90063",Lules,"900630219",0.01060379079247,-26.884006,-65.304828
"3869","4085",Villa Carmela,Villa Carmela,El Triángulo I,,"50","2",,0.00979502,"9","2","3","1",Nacional,"1","3","5","3","4","3","2","90",Tucumán,"90119",Yerba Buena,"901190209",0.00979502421974,-26.77863,-65.269005
"3870","4086",Banda Del Río Salí,Banda Del Río Salí,Ampliación Los Frenos,,"140","2",,0.06052028,"12","1","3","1",,"4","3","5","3","4","5","2","90",Tucumán,"90014",Cruz Alta,"900141205",0.06052027772114,-26.85396,-65.177673
"3871","4087",Banda Del Río Salí,Banda Del Río Salí,Costanera La Milagrosa,,"240","2",,0.07613527,"9","1","3","1",Provincial,"2","3","5","3","5","5","2","90",Tucumán,"90014",Cruz Alta,"900141310",0.07613526892159,-26.844905,-65.175436
"3872","4088",Banda Del Río Salí,Banda Del Río Salí,La Ceramica,,"200","2",,0.13194884,"9","1","3","1",,"4","3","5","5","4","3","3","90",Tucumán,"90014",Cruz Alta,"900141222",0.13194883643516,-26.868348,-65.155433
"3873","4089",Banda Del Río Salí,Banda Del Río Salí,Ampliación Villa Inés,,"125","2",,0.03552503,"8","1","3","1",Provincial,"2","3","5","3","4","3","2","90",Tucumán,"90014",Cruz Alta,"900141211",0.0355250332738,-26.865047,-65.14965
"3874","4090",Banda Del Río Salí,Banda Del Río Salí,Virgen del Valle,,"122","2",,0.03098889,"10","1","3","1",,"4","3","5","5","4","3","2","90",Tucumán,"90014",Cruz Alta,"900141211",0.030988887777,-26.861585,-65.150311
"3875","4091",Banda Del Río Salí,Banda Del Río Salí,Costanera Soldado Tucumano,,"190","2",,0.07541376,"9","1","3","1",Provincial,"2","3","5","3","4","5","2","90",Tucumán,"90014",Cruz Alta,"900141314",0.07541376399629,-26.848432,-65.177531
"3876","4092",Villa Mariano Moreno - El Colmenar,Villa Mariano Moreno - El Colmenar,Sin Nombre,,"48","2",,0.01018546,"10","1","3","1",,"4","3","5","3","4","5","1","90",Tucumán,"90105",Tafí Viejo,"901051016",0.0101854589912,-26.780517,-65.199753
"3877","4093",Villa Mariano Moreno - El Colmenar,Villa Mariano Moreno - El Colmenar,Sin Nombre,,"47","2",,0.01453295,"11","1","3","2",,"4","3","5","3","4","5","1","90",Tucumán,"90105",Tafí Viejo,"901050609",0.01453294729916,-26.771173,-65.197452
"3878","4094",Villa Mariano Moreno - El Colmenar,Villa Mariano Moreno - El Colmenar,Sin Nombre,,"80","2","2014",0.09308469,"13","1","1","2",,"4","4","5","6","4","6","2","90",Tucumán,"90105",Tafí Viejo,"901050605",0.09308469349254,-26.762928,-65.200664
"3879","4095",Villa Mariano Moreno - El Colmenar,Villa Mariano Moreno - El Colmenar,Virgen del Valle,,"350","2","2013",0.11269225,"13","1","1","2",,"4","3","4","3","4","5","1","90",Tucumán,"90105",Tafí Viejo,"901050601",0.11269225325626,-26.751767,-65.194562
"3880","4096",Villa Mariano Moreno - El Colmenar,Villa Mariano Moreno - El Colmenar,Los Sánchez,,"110","2",,0.03149123,"12","1","1","2",,"4","3","5","3","4","6","2","90",Tucumán,"90105",Tafí Viejo,"901051005",0.03149123476233,-26.780572,-65.195156
"3881","4097",Villa Mariano Moreno - El Colmenar,Villa Mariano Moreno - El Colmenar,Ampliación Nueva Esperanza,,"115","2","2012",0.05457768,"13","1","3","2",,"4","3","5","3","4","3","2","90",Tucumán,"90105",Tafí Viejo,"901050625",0.0545776832171,-26.778395,-65.17689
"3900","4116","Diagonal Norte, Luz Y Fuerza, Los Pocitos, Villa Nueva Italia","Diagonal Norte, Luz Y Fuerza, Los Pocitos, Villa Nueva Italia",Catorce de Septiembre,,"200","2",,0.04631072,"12","1","3","1",,"4","3","5","5","4","5","1","90",Tucumán,"90105",Tafí Viejo,"901050704",0.0463107222102,-26.781768,-65.213168
"3901","4117","Diagonal Norte, Luz Y Fuerza, Los Pocitos, Villa Nueva Italia","Diagonal Norte, Luz Y Fuerza, Los Pocitos, Villa Nueva Italia",Ampliación Sur,,"47","2","2011",0.02108009,"13","1","3","1",Municipal,"3","3","5","3","4","3","2","90",Tucumán,"90105",Tafí Viejo,"901050701",0.02108008527294,-26.75744,-65.235671
"3902","4118","Diagonal Norte, Luz Y Fuerza, Los Pocitos, Villa Nueva Italia","Diagonal Norte, Luz Y Fuerza, Los Pocitos, Villa Nueva Italia",Ampliación Norte,,"65","2","2012",0.02465401,"13","1","3","2",,"4","4","5","3","4","3","2","90",Tucumán,"90105",Tafí Viejo,"901050701",0.02465401057679,-26.756158,-65.235507
"3903","4119",Tafí Viejo,Tafí Viejo,Nino Jesús,,"85","2",,0.03650884,"12","1","3","2",,"4","3","5","5","4","5","2","90",Tucumán,"90105",Tafí Viejo,"901050903",0.03650883569191,-26.718726,-65.260414
"3904","4120",Tafí Viejo,Tafí Viejo,Cortada de Matorel,,"30","2",,0.00867322,"9","1","3","1",,"4","3","5","3","4","5","2","90",Tucumán,"90105",Tafí Viejo,"901050903",0.00867321846504,-26.718396,-65.262184
"3905","4121",Tafí Viejo,Tafí Viejo,Ampliación Meloni,,"30","2",,0.00844315,"10","1","1","2",,"4","3","5","3","4","5","2","90",Tucumán,"90105",Tafí Viejo,"901050904",0.00844314645029,-26.719319,-65.256717
"3906","4122",Tafí Viejo,Tafí Viejo,Sin Nombre,,"10","2",,0.00652227,"12","1","3","2",,"4","3","5","3","5","5","2","90",Tucumán,"90105",Tafí Viejo,"901050913",0.00652227162594,-26.730133,-65.274316
"3907","4123",Tafí Viejo,Tafí Viejo,Ampliación Belgrano,,"35","2",,0.00779651,"12","2","3","1",,"4","3","5","3","4","5","2","90",Tucumán,"90105",Tafí Viejo,"901050913",0.00779650913369,-26.731387,-65.271011
"3908","4124",Villa Mariano Moreno - El Colmenar,Villa Mariano Moreno - El Colmenar,Barrio 14,,"40","2",,0.03095545,"12","1","3","1",Nacional,"1","3","5","3","4","5","1","90",Tucumán,"90105",Tafí Viejo,"901050701",0.03095545150986,-26.75327,-65.25953
"3909","4125",Tafí Viejo,Tafí Viejo,Nuestra Señora de La Esperanza,,"60","2",,0.01579652,"12","1","3","1",,"4","3","5","5","4","5","2","90",Tucumán,"90105",Tafí Viejo,"901050302",0.01579651847952,-26.710067,-65.267728
"3910","4126",Tafí Viejo,Tafí Viejo,Cortada de Villalba,,"60","2",,0.03473416,"12","1","3","1",,"4","3","5","4","4","5","2","90",Tucumán,"90105",Tafí Viejo,"901050504",0.03473415972111,-26.706654,-65.219165
"3911","4127",Tafí Viejo,Tafí Viejo,Sin Nombre,,"16","2",,0.00490478,"11","1","3","2",,"4","1","3","3","4","5","1","90",Tucumán,"90105",Tafí Viejo,"901050804",0.00490477905241,-26.735353,-65.246148
"3912","4128",Tafí Viejo,Tafí Viejo,Barrio Calpini,,"45","2",,0.01522346,"11","2","3","2",,"4","3","5","3","4","5","1","90",Tucumán,"90105",Tafí Viejo,"901050802",0.01522345750988,-26.727357,-65.250614
"3920","4136",San Miguel De Tucumán,San Miguel De Tucumán,Néstor Kirchner,,"800","2","2010",0.27997295,"13","1","3","2",,"4","4","5","3","4","5","2","90",Tucumán,"90063",Lules,"900630301",0.27997295374636,-26.863713,-65.239619
"3921","4137",Barrio San Felipe,Barrio San Felipe,Ampliación Miguelillo,,"300","2",,0.1615141,"11","1","3","2",,"4","3","5","3","4","3","2","90",Tucumán,"90063",Lules,"900630305",0.16151409992058,-26.872426,-65.232383
"3922","4138",Barrio San Felipe,Barrio San Felipe,Miguelillo,,"250","2",,0.11856842,"11","1","3","2",,"4","3","5","3","4","3","2","90",Tucumán,"90063",Lules,"900630305",0.11856842183259,-26.875377,-65.233319
"3923","4139",San Andrés,San Andrés,Progreso,,"150","2",,0.15900089,"9","1","3","2",,"4","4","5","3","4","5","2","90",Tucumán,"90014",Cruz Alta,"900141204",0.15900088609546,-26.886067,-65.170023
"3924","4140","Diagonal Norte, Luz Y Fuerza, Los Pocitos, Villa Nueva Italia","Diagonal Norte, Luz Y Fuerza, Los Pocitos, Villa Nueva Italia",Hipólito Yrigoyen,,"200","2",,0.06801412,"11","1","3","1",Municipal,"3","3","5","3","4","5","2","90",Tucumán,"90105",Tafí Viejo,"901050709",0.06801411554738,-26.783869,-65.218894
"3927","4144",Yerba Buena - Marcos Paz,Yerba Buena - Marcos Paz,La Plaza Vieja,,"50","2",,0.01455952,"1","2","3","1",,"4","3","5","2","4","5","2","90",Tucumán,"90119",Yerba Buena,"901190317",0.01455952000482,-26.821881,-65.307709
"3928","4145",San Miguel De Tucumán,San Miguel De Tucumán,Dos de Septiembre,,"320","2",,0.10475495,"11","1","3","2",,"4","3","5","3","4","3","3","90",Tucumán,"90084",Capital,"900842501",0.10475494757487,-26.828619,-65.266198
"3929","4146",El Manantial,El Manantial,La Vía Vieja,,"60","2",,0.01864696,"7","2","1","1",Nacional,"1","3","5","2","4","3","2","90",Tucumán,"90063",Lules,"900630102",0.01864696167663,-26.837138,-65.304007
"3930","4147",Alderetes,Alderetes,Antena,,"360","2",,0.11744086,"10","1","3","1",,"4","3","5","3","4","5","2","90",Tucumán,"90014",Cruz Alta,"900140130",0.11744086404932,-26.829291,-65.165354
"3931","4148",Villa Carmela,Villa Carmela,Triángulo 2,,"115","2",,0.04991671,"9","2","3","1",Nacional,"1","3","5","5","4","6","1","90",Tucumán,"90105",Tafí Viejo,"901050702",0.04991671335675,-26.77053,-65.268986
"3939","4156",San José,San José,Sin Nombre,,"10","2",,0.00420435,"9","2","3","2",,"4","3","5","3","4","5","2","90",Tucumán,"90105",Tafí Viejo,"901050702",0.00420434651409,-26.764925,-65.236328
"3944","4161",El Manantial,El Manantial,María Reina de Los Niños,,"160","2",,0.04937561,"12","1","3","1",,"4","3","5","5","4","3","1","90",Tucumán,"90063",Lules,"900630112",0.04937560802163,-26.840286,-65.29056
"3945","4162",El Manantial,El Manantial,Barrio Pulido,,"70","2",,0.03258188,"10","2","1","2",,"4","3","5","5","4","5","2","90",Tucumán,"90063",Lules,"900630103",0.0325818844855,-26.839697,-65.293492
"4188","4410",Tafí Viejo,Tafí Viejo,Villa Muñecas Norte,,"250","3","1990",0.08850772,"11","1","3","3",,"4","3","5","3","4","5","2","90",Tucumán,"90105",Tafí Viejo,"901050715",0.08850772068782,-26.784117,-65.241184
"4189","4411",San Miguel De Tucumán,San Miguel De Tucumán,Villa Muñecas 2,,"100","3","1995",0.02066034,"11","1","3","3",,"4","3","5","3","4","5","2","90",Tucumán,"90084",Capital,"900840101",0.02066034373384,-26.7871,-65.242305
"4190","4412",San Miguel De Tucumán,San Miguel De Tucumán,Loteo América,,"150","3","1998",0.03224647,"11","1","3","3",,"4","4","5","3","4","5","1","90",Tucumán,"90084",Capital,"900840103",0.03224646549865,-26.790572,-65.245745
"4191","4413",Las Talitas,Las Talitas,San Lorenzo,,"350","3","1987",0.06131181,"10","1","3","3",,"4","3","5","3","4","5","2","90",Tucumán,"90105",Tafí Viejo,"901051017",0.06131180632778,-26.779211,-65.205349
"4233","4455",San Miguel De Tucumán,San Miguel De Tucumán,Alberdi Norte,,"220","3","1996",0.06327518,"11","1","3","3",,"4","3","5","3","4","5","1","90",Tucumán,"90084",Capital,"900840409",0.06327518262347,-26.797422,-65.220905
"4234","4456",San Miguel De Tucumán,San Miguel De Tucumán,Ampliación Alberdi Norte,,"50","3","1996",0.00952686,"11","1","3","3",,"4","3","5","3","4","5","1","90",Tucumán,"90084",Capital,"900840412",0.00952686239396,-26.802338,-65.215915
"4285","4507",San Miguel De Tucumán,San Miguel De Tucumán,Ampliación Muñecas III,,"450","3","1997",0.12962948,"11","1","3","3",,"4","3","5","3","4","5","2","90",Tucumán,"90084",Capital,"900840203",0.12962947962732,-26.78868,-65.23654
"4288","4510",San Miguel De Tucumán,San Miguel De Tucumán,San Gabriel,,"50","3","2016",0.09891843,"13","1","3","3",,"4","4","5","3","4","5","1","90",Tucumán,"90063",Lules,"900630301",0.09891843474334,-26.858193,-65.267721
