ID RENABAP,Provincia,Municipio,Barrio,Localidad,Tipo de UE,Tipo de Proyecto,Nombre de Proyecto,Financiamiento,Estado,Monto Total,Acta de Inicio Real,% Avance físico
2760/2762,Tucumán,San Miguel de Tucumán,Los Vazquez y Autopista Sur,San Miguel de Tucumán,Provincia,POT,Centro de Atención Primaria en Adicciones (CEPLA),BID, En ejecución,"153,571,116.49",10/11/2022,97.78%
487,Buenos Aires,Florencio Varela,La Esperanza,Ingeniero Allan,OSC,MV,Contratación de obra y adquisición de bienes para la mejora de viviendas y las infraestructuras de relocalización temporal de las familias afectadas por el COVID 19,BID,Terminado,"21,392,455.17",,100.00%
4354/2134,Santiago del Estero/Salta,Santiago del Estero/Orán,La Católica/Pepito,Capital/Pichanal,OSC,MV,Contratación de obra y adquisición de bienes para la mejora de viviendas y las infraestructuras de relocalización temporal de las familias afectadas por el COVID 19,BID,Terminado,"42,821,421.72",,100.00%
3728/4354,Río Negro/Santiago del Estero,El Bolsón/Santiago del Estero capital,Alma Fuerte/La Católica,El Bolsón/Santiago del Estero capital,OSC,MV,Contratación de obra y adquisición de bienes para la mejora de viviendas y las infraestructuras de relocalización temporal de las familias afectadas por el COVID 19,BID,Terminado,"45,762,769.72",,100.00%
3088/3267,Formosa/Jujuy,Formosa/Dr. Manuel Belgrano,El Palomar/Obrero,Formosa/San Salvador De Jujuy,OSC,MV,Contratación de obra y adquisición de bienes para la mejora de viviendas y las infraestructuras de relocalización temporal de las familias afectadas por el COVID 19,BID,Terminado,"44,977,189.53",,100.00%
1748/1830/1762/1829,Santa Fe,Villa Gobernador Gálvez,Tablita 1/Triángulo/Alto Verde/La Antena,Villa Gobernador Gálvez,OSC,MV,Contratación de obra y adquisición de bienes para la mejora de viviendas y las infraestructuras de relocalización temporal de las familias afectadas por el COVID 19,BID,Terminado,"49,063,365.83",,100.00%
1619/397/1174,Córdoba/Buenos Aires,Cordoba Capital/San Isidro,Nuevo Progreso/La Cava/Veinte de Junio,Cordoba Capital/San Isidro,OSC,MV,Contratación de obra y adquisición de bienes para la mejora de viviendas y las infraestructuras de relocalización temporal de las familias afectadas por el COVID 19,BID,Terminado,"46,044,838.93",,100.00%
4295/2278,Buenos Aires/Chaco,Gral. Pueyrredón/Resistencia,San Jacinto/La Rubita,Mar del Plata/Resistencia,OSC,MV,Contratación de obra y adquisición de bienes para la mejora de viviendas y las infraestructuras de relocalización temporal de las familias afectadas por el COVID 19,BID,Terminado,"49,131,832.65",,100.00%
415,Buenos Aires,Almirante Brown,Nuevo Sol II,Glew,OSC,MV,Contratación de obra y adquisición de bienes para la mejora de viviendas y las infraestructuras de relocalización temporal de las familias afectadas por el COVID 19,BID,Terminado,"23,195,050.00",,100.00%
332/1349,Buenos Aires,La Matanza,Don Juan/Nicoll,Gregorio De Laferrere/Virrey del Pino,OSC,MV,Contratación de obra y adquisición de bienes para la mejora de viviendas y las infraestructuras de relocalización temporal de las familias afectadas por el COVID 19,BID,Terminado,"50,408,992.77",,100.00%
1026/1464,Buenos Aires,Tres de Febrero/San Miguel,Rayito de Sol/Gallo Rojo,Remedios De Escalada/Bella Vista,OSC,MV,Contratación de obra y adquisición de bienes para la mejora de viviendas y las infraestructuras de relocalización temporal de las familias afectadas por el COVID 19,BID,Terminado,"41,984,012.55",,100.00%
625/4526,Buenos Aires/Salta,General San Martín/Orán,Costa Esperanza/San Cayetano,Loma Hermosa/San Ramón De La Nueva Orán,OSC,MV,Contratación de obra y adquisición de bienes para la mejora de viviendas y las infraestructuras de relocalización temporal de las familias afectadas por el COVID 19,BID,Terminado,"32,163,496.00",,100.00%
436,Buenos Aires,Tigre,San Jorge,Don Torcuato,OSC,MV,Contratación de obra y adquisición de bienes para la mejora de viviendas y las infraestructuras de relocalización temporal de las familias afectadas por el COVID 19,BID,Terminado,"41,607,129.00",,100.00%
1530,Buenos Aires,Almirante Brown,Sakura,Burzaco,OSC,MV,Contratación de obra y adquisición de bienes para la mejora de viviendas y las infraestructuras de relocalización temporal de las familias afectadas por el COVID 19,BID,Terminado,"23,743,170.23",,100.00%
1192,Buenos Aires,Florencio Varela,Barrio Paraná,Villa San Luis,OSC,MV,Contratación de obra y adquisición de bienes para la mejora de viviendas y las infraestructuras de relocalización temporal de las familias afectadas por el COVID 19,BID,Terminado,"24,423,532.99",,100.00%
1561/3953/3952,Buenos Aires/Neuquén,General San Martín/San Martín de los Andes,Carcova/Esperanza Arriba/Barrio Parque Sur,J. L. Suarez/San Martín de Los Andes,OSC,MV,Contratación de obra y adquisición de bienes para la mejora de viviendas y las infraestructuras de relocalización temporal de las familias afectadas por el COVID 19,BID,Terminado,"50,227,379.67",,100.00%
1011/273,Buenos Aires,Lomas de Zamora,DAM/Santa Catalina,Villa Fiorito/Santa Catalina,OSC,MV,Contratación de obra y adquisición de bienes para la mejora de viviendas y las infraestructuras de relocalización temporal de las familias afectadas por el COVID 19,BID,Terminado,"41,698,882.54",,100.00%
2459/2434/2443,Neuquén,Neuquén,Barrio 7 de Mayo/Dos de Mayo/Sector Peumayén,Neuquén,OSC,MV,Contratación de obra y adquisición de bienes para la mejora de viviendas y las infraestructuras de relocalización temporal de las familias afectadas por el COVID 19,BID,Terminado,"28,555,070.30",,100.00%
1807,Santa Fe,Rosario,Barrio Alvear,Rosario,OSC,MV,Contratación de obra y adquisición de bienes para la mejora de viviendas y las infraestructuras de relocalización temporal de las familias afectadas por el COVID 19,BID,Terminado,"48,316,840.63",,100.00%
1607,Córdoba,Córdoba Capital,Bajada San Jose,Córdoba Capital,OSC,MV,Contratación de obra y adquisición de bienes para la mejora de viviendas y las infraestructuras de relocalización temporal de las familias afectadas por el COVID 19,BID,Terminado,"8,301,930.25",,100.00%
1495/4297,Buenos Aires,Presidente Perón/Tres de Febrero,La Yaya 1/Maldonado,Guernica/Ciudadela,OSC,MV,Contratación de obra y adquisición de bienes para la mejora de viviendas y las infraestructuras de relocalización temporal de las familias afectadas por el COVID 19,BID,Terminado,"48,835,480.99",,100.00%
166/487/494/912/1021/1579/1712/1833/1853/1936/1946/2090/2235/2510/,Varios,Varios,Varios,Varios,OSC,INTEGRAR SALUD,Acciones de emergencia y/o de recuperación de barrios en el marco del COVID-19,BID,Terminado,"36,540,000.00",,
172/494/1272/1324/1357/1365/1429/1748/1762/1829/1830/2519/2605/2641/2893/3225/3493/3538/3542/4222/4341/44434487/,Varios,Varios,Varios,Varios,OSC,INTEGRAR SALUD,Acciones de emergencia y/o de recuperación de barrios en el marco del COVID-19,BID,Terminado,"41,820,900.00",,
274/409/1654/1781/1804/1848/1853/2134/2135/2735/3638/3707/3709/4027/4144/4148/4354,Varios,Varios,Varios,Varios,OSC,INTEGRAR SALUD,Acciones de emergencia y/o de recuperación de barrios en el marco del COVID-19,BID,Terminado,"36,540,000.00",,
1913/2173/2174/2217/2219/2990/3073/3077/4341,Varios,Varios,Varios,Varios,OSC,INTEGRAR SALUD,Acciones de emergencia y/o de recuperación de barrios en el marco del COVID-19,BID,Terminado,"23,490,000.00",,
1031/1411/2854/2872/2889/2891/3374/3437/4261,Varios,Varios,Varios,Varios,OSC,INTEGRAR SALUD,Acciones de emergencia y/o de recuperación de barrios en el marco del COVID-19,BID,Terminado,"27,879,150.00",,
136/725/785/839/969/1196/1333/1349,Varios,Varios,Varios,Varios,OSC,INTEGRAR SALUD,Acciones de emergencia y/o de recuperación de barrios en el marco del COVID-19,BID,Terminado,"41,586,000.00",,
40/117/758/1319/4620,Varios,Varios,Varios,Varios,OSC,INTEGRAR SALUD,Acciones de emergencia y/o de recuperación de barrios en el marco del COVID-19,BID,Terminado,"15,921,000.00",,
77/119/122/197/596/774/824/891/951/1087/1145/1187/1190/1307/1468/1514/4546,Varios,Varios,Varios,Varios,OSC,INTEGRAR SALUD,Acciones de emergencia y/o de recuperación de barrios en el marco del COVID-19,BID,Terminado,"32,538,000.00",,
676/1449/1642/1669/1812/1813/2212/2460/2584/2701/3320/3527/3542/4064,Varios,Varios,Varios,Varios,OSC,INTEGRAR SALUD,Acciones de emergencia y/o de recuperación de barrios en el marco del COVID-19,BID,Terminado,"19,270,500.00",,
44/87/172/585/640/992/1155/1168/1786/1820/2549/2552/2554/2556/2586/2592/2685/2819/2910/3014/4268,Varios,Varios,Varios,Varios,OSC,INTEGRAR SALUD,Acciones de emergencia y/o de recuperación de barrios en el marco del COVID-19,BID,Terminado,"9,744,000.00",,
625/1577/2117/2531,Varios,Varios,Varios,Varios,OSC,INTEGRAR SALUD,Acciones de emergencia y/o de recuperación de barrios en el marco del COVID-19,BID,Terminado,"14,616,000.00",,
69/87/140/148/276/605/611/715/1235/2044/2934/3218,Varios,Varios,Varios,Varios,OSC,INTEGRAR SALUD,Acciones de emergencia y/o de recuperación de barrios en el marco del COVID-19,BID,Terminado,"41,760,000.00",,
1564/1639/1684/2467/2502/2673/2714/3121/3538/3728/3952/3953/4354,Varios,Varios,Varios,Varios,OSC,INTEGRAR SALUD,Acciones de emergencia y/o de recuperación de barrios en el marco del COVID-19,BID,Terminado,"33,843,000.00",,
1941/1967/2004/2028/3874/3918/3935/4493/4583,Varios,Varios,Varios,Varios,OSC,INTEGRAR SALUD,Acciones de emergencia y/o de recuperación de barrios en el marco del COVID-19,BID,Terminado,"41,064,000.00",,
2217/2225/2245/2272/2313/2323/2340/2343/2344/2360/2361/3781/3800/3808/3816/3849,Varios,Varios,Varios,Varios,OSC,INTEGRAR SALUD,Acciones de emergencia y/o de recuperación de barrios en el marco del COVID-19,BID,Terminado,"18,270,000.00",,
397/543/1560/2278/2297/2392/2987,Varios,Varios,Varios,Varios,OSC,INTEGRAR SALUD,Acciones de emergencia y/o de recuperación de barrios en el marco del COVID-19,BID,Terminado,"40,890,000.00",,
509/819/1157/1168/1469/4295/4591,Varios,Varios,Varios,Varios,OSC,INTEGRAR SALUD,Acciones de emergencia y/o de recuperación de barrios en el marco del COVID-19,BID,Terminado,"40,542,000.00",,
74/162/334/437/508/645/754/796/1078/1305,Varios,Varios,Varios,Varios,OSC,INTEGRAR SALUD,Acciones de emergencia y/o de recuperación de barrios en el marco del COVID-19,BID,Terminado,"43,413,000.00",,
1033/1090/1107/2549/2567/2570/2575/2577/2597/2932/2934,Varios,Varios,Varios,Varios,OSC,INTEGRAR SALUD,Acciones de emergencia y/o de recuperación de barrios en el marco del COVID-19,BID,Terminado,"43,413,000.00",,
1169/1412,Varios,Varios,Varios,Varios,OSC,INTEGRAR SALUD,Acciones de emergencia y/o de recuperación de barrios en el marco del COVID-19,BID,Terminado,"6,729,450.00",,
2459,Neuquén,Confluencia,Barrio 7 de Mayo,Confluencia,OSC,MV,Mejoramientos de vivienda en el marco del COVID-19,BID,Terminado,"25,838,638.49",25/7/2022,100.00%
4193/4194,Santa Fe,Villa Constitución,Santa Teresita y Prefectura,Villa Constitución,Municipio,POT,Pluviales 500 mts. de cordón Cuneta,BID,Terminado,"4,771,398.93",23/8/2022,100.00%
2411,Corrientes,Corrientes,Dr. Montaña,Corrientes,Provincia,POT,50 viviendas,BID,Terminado,"537,078,730.51",16/9/2022,100.00%
2760/2762,Tucumán,San Miguel de Tucumán,Los Vazquez y Autopista Sur,San Miguel de Tucumán,Provincia,POT,2 Plazas - “El rincón de los sueños” y “El rincón de la suerte”,BID,Terminado,"85,219,806.34",16/9/2022,100.00%
3878,Misiones,Puerto Esperanza,Bella Vista,Puerto Esperanza,Municipio,POT,"Infraestructura: Nexo de agua potable, Red de distribución de agua potable, Red cloacal, Planta de tratamiento de efluentes cloacales, Sistema de desagües pluviales, Red Vial: Pavimento, Sist. de tendido eléctrico y alumbrado público, Obras de equipamiento comunitario: EPI, Obras de equipamiento comunitario: Plaza, Mobiliario urbano, Obras de mitigación, Conexiones intralote, Red peatonal, Red Vial Empedrado, Obras de equipamiento comunitario: SUM, Sistema de desagües pluviales: Cordón cuneta. (Comp. 3) Mejoramiento 2 merenderos (Comp 2)",BID, En ejecución,"1,035,242,841.28",25/11/2022,84.81%
2411,Corrientes,Corrientes,Dr. Montaña,Corrientes,Provincia,POT,"Sistema de Abastecimiento de Agua Potable, Conexiones domiciliarias de Agua a red, Red Colectora Cloacal, Conexiones domiciliarias de Cloaca a Red, Sistema de Desagües Pluviales, Red Vial, Red eléctrica y Alumbrado Público, Conexión Domiciliaria de electricidad a Red",BID, En ejecución,"964,854,257.46",9/3/2023,64.22%
1639/1644/4285,Córdoba,Córdoba Capital,Barrio Angelelli / Doce de Septiembre / El Milagro,Córdoba Capital,Provincia,POT,"Proyecto ejecutivo, Mensura para polígono de intervención, trabajos preliminares, Sist. de abastecimiento de agua potable, conexiones domiciliarias de agua a red, sistema de desagües cloacales, conexiones domiciliarias de cloaca a red, sist. de desagües pluviales, red vial, red primaria de media tensión, Subestación transformadora, Red eléctrica de baja tensión y alumbrado público, plazas, espacios verdes, parques, obras de protección, saneamiento de pozos ciegos, obras de estabilización de taludes, nexo de agua, nexo cloacal, viviendas por relocalización.",BID, En ejecución,"2,041,401,398.06",1/6/2023,49.15%
4193/4194,Santa Fe,Villa Constitución,Santa Teresita y Prefectura,Villa Constitución,Municipio,POT,Centro de acopio,BID, En ejecución,"43,349,000.00",17/10/2023,47.66%
2760/2762,Tucumán,San Miguel de Tucumán,Los Vazquez y Autopista Sur,San Miguel de Tucumán,Provincia,POT,Planta de Separación de Residuos Sólidos Urbanos,BID, En ejecución,"1,097,517,556.25",4/7/2023,29.40%